,K Test Cluster IDS
0,0
1,0
2,0
3,2
4,0
5,0
6,2
7,0
8,2
9,2
10,2
11,1
12,2
13,2
14,0
15,2
16,0
17,2
18,0
19,2
20,0
21,0
22,2
23,2
24,0
25,0
26,0
27,0
28,0
29,0
30,2
31,2
32,0
33,2
34,2
35,0
36,0
37,2
38,0
39,0
40,2
41,0
42,0
43,2
44,0
45,2
46,0
47,2
48,2
49,2
50,2
51,2
52,2
53,0
54,2
55,2
56,0
57,2
58,2
59,0
60,0
61,2
62,2
63,0
64,0
65,2
66,1
67,0
68,0
69,0
70,0
71,2
72,0
73,0
74,2
75,0
76,2
77,0
78,0
79,0
80,2
81,2
82,0
83,0
84,2
85,0
86,2
87,0
88,2
89,0
90,0
91,0
92,1
93,2
94,0
95,0
96,2
97,2
98,2
99,0
100,2
101,2
102,2
103,2
104,2
105,0
106,2
107,2
108,2
109,2
110,0
111,2
112,0
113,2
114,2
115,2
116,0
117,0
118,2
119,0
120,2
121,0
122,2
123,2
124,2
125,0
126,0
127,2
128,0
129,2
130,0
131,0
132,0
133,0
134,2
135,2
136,2
137,2
138,0
139,0
140,0
141,0
142,0
143,0
144,2
145,0
146,0
147,0
148,2
149,2
150,2
151,2
152,0
153,0
154,0
155,1
156,2
157,0
158,0
159,1
160,2
161,2
162,0
163,0
164,2
165,2
166,2
167,0
168,0
169,0
170,0
171,2
172,0
173,0
174,2
175,2
176,2
177,0
178,0
179,0
180,0
181,0
182,0
183,0
184,2
185,2
186,2
187,1
188,2
189,2
190,2
191,0
192,2
193,2
194,2
195,0
196,0
197,0
198,0
199,2
200,2
201,0
202,2
203,0
204,0
205,0
206,2
207,0
208,0
209,0
210,2
211,2
212,0
213,0
214,2
215,2
216,0
217,2
218,2
219,0
220,2
221,0
222,0
223,2
224,2
225,1
226,0
227,2
228,2
229,0
230,2
231,1
232,1
233,2
234,2
235,0
236,2
237,1
238,2
239,0
240,0
241,0
242,2
243,2
244,2
245,2
246,0
247,0
248,2
249,2
250,2
251,0
252,0
253,0
254,0
255,2
256,0
257,2
258,2
259,0
260,0
261,0
262,0
263,1
264,2
265,0
266,2
267,0
268,0
269,2
270,2
271,1
272,2
273,2
274,2
275,2
276,0
277,0
278,2
279,0
280,2
281,0
282,2
283,0
284,0
285,0
286,0
287,2
288,2
289,2
290,2
291,1
292,0
293,2
294,2
295,0
296,0
297,0
298,0
299,0
300,0
301,0
302,0
303,2
304,0
305,0
306,0
307,0
308,2
309,0
310,0
311,2
312,2
313,0
314,2
315,2
316,0
317,0
318,2
319,2
320,2
321,2
322,0
323,0
324,2
325,2
326,0
327,0
328,2
329,2
330,2
331,0
332,0
333,2
334,0
335,0
336,2
337,0
338,2
339,2
340,0
341,2
342,0
343,0
344,0
345,0
346,2
347,0
348,2
349,0
350,2
351,2
352,0
353,2
354,2
355,2
356,0
357,2
358,0
359,2
360,2
361,0
362,0
363,1
364,2
365,0
366,0
367,0
368,0
369,2
370,2
371,2
372,0
373,0
374,2
375,2
376,0
377,2
378,0
379,1
380,2
381,0
382,2
383,0
384,0
385,2
386,2
387,0
388,0
389,0
390,1
391,2
392,0
393,0
394,0
395,0
396,0
397,2
398,2
399,2
400,0
401,0
402,0
403,0
404,2
405,2
406,0
407,2
408,2
409,2
410,0
411,2
412,2
413,2
414,1
415,2
416,2
417,0
418,2
419,0
420,2
421,2
422,2
423,0
424,0
425,0
426,0
427,0
428,2
429,1
430,2
431,2
432,2
433,0
434,2
435,2
436,2
437,0
438,0
439,2
440,2
441,0
442,0
443,2
444,2
445,0
446,2
447,0
448,0
449,2
450,0
451,2
452,0
453,2
454,2
455,2
456,2
457,2
458,0
459,0
460,2
461,2
462,2
463,0
464,2
465,0
466,2
467,2
468,0
469,0
470,2
471,1
472,0
473,0
474,0
475,2
476,0
477,0
478,2
479,0
480,0
481,0
482,2
483,0
484,2
485,2
486,2
487,2
488,0
489,0
490,2
491,0
492,2
493,2
494,2
495,2
496,0
497,0
498,0
499,2
500,2
501,2
502,0
503,0
504,0
505,0
506,2
507,0
508,0
509,2
510,0
511,0
512,0
513,2
514,0
515,0
516,2
517,2
518,0
519,2
520,2
521,2
522,2
523,2
524,2
525,2
526,2
527,0
528,0
529,2
530,2
531,2
532,0
533,0
534,2
535,2
536,0
537,2
538,2
539,2
540,2
541,0
542,0
543,2
544,0
545,2
546,0
547,0
548,2
549,2
550,0
551,2
552,2
553,2
554,0
555,2
556,2
557,0
558,0
559,2
560,0
561,0
562,2
563,0
564,0
565,2
566,2
567,2
568,0
569,0
570,0
571,0
572,2
573,0
574,2
575,0
576,2
577,0
578,2
579,0
580,2
581,1
582,0
583,2
584,2
585,2
586,2
587,0
588,2
589,0
590,1
591,0
592,2
593,2
594,0
595,0
596,0
597,2
598,0
599,0
600,2
601,2
602,0
603,0
604,2
605,0
606,0
607,0
608,0
609,0
610,0
611,0
612,0
613,0
614,0
615,0
616,1
617,2
618,0
619,0
620,0
621,0
622,2
623,2
624,0
625,2
626,0
627,0
628,0
629,2
630,0
631,0
632,0
633,0
634,2
635,0
636,2
637,2
638,0
639,0
640,2
641,0
642,0
643,2
644,2
645,2
646,1
647,0
648,2
649,2
650,0
651,1
652,2
653,0
654,2
655,0
656,0
657,0
658,2
659,0
660,0
661,0
662,1
663,0
664,0
665,2
666,1
667,2
668,0
669,0
670,2
671,2
672,0
673,2
674,2
675,2
676,0
677,2
678,0
679,1
680,1
681,2
682,2
683,2
684,2
685,2
686,2
687,2
688,0
689,2
690,0
691,0
692,2
693,0
694,2
695,2
696,1
697,2
698,2
699,0
700,2
701,0
702,2
703,2
704,2
705,0
706,2
707,1
708,0
709,0
710,2
711,0
712,2
713,2
714,2
715,2
716,2
717,2
718,0
719,2
720,2
721,0
722,2
723,2
724,2
725,2
726,2
727,0
728,0
729,2
730,2
731,0
732,2
733,0
734,0
735,0
736,2
737,2
738,0
739,0
740,0
741,2
742,2
743,0
744,2
745,0
746,0
747,2
748,0
749,0
750,2
751,2
752,2
753,2
754,0
755,2
756,2
757,0
758,2
759,0
760,0
761,0
762,0
763,2
764,2
765,0
766,2
767,2
768,2
769,0
770,2
771,0
772,2
773,2
774,2
775,0
776,2
777,2
778,0
779,2
780,2
781,0
782,2
783,2
784,0
785,2
786,1
787,2
788,2
789,0
790,0
791,0
792,2
793,2
794,2
795,0
796,0
797,2
798,0
799,0
800,2
801,2
802,0
803,0
804,2
805,1
806,1
807,0
808,0
809,0
810,2
811,2
812,2
813,2
814,2
815,0
816,0
817,0
818,0
819,2
820,0
821,0
822,0
823,2
824,0
825,0
826,0
827,2
828,2
829,2
830,2
831,0
832,2
833,2
834,0
835,2
836,2
837,2
838,2
839,0
840,0
841,0
842,0
843,2
844,2
845,2
846,0
847,0
848,2
849,0
850,0
851,2
852,2
853,0
854,2
855,2
856,2
857,0
858,2
859,2
860,0
861,0
862,2
863,0
864,2
865,0
866,0
867,2
868,0
869,0
870,0
871,2
872,0
873,2
874,2
875,2
876,0
877,2
878,2
879,0
880,2
881,0
882,0
883,0
884,2
885,0
886,2
887,2
888,0
889,0
890,0
891,2
892,0
893,2
894,2
895,2
896,2
897,0
898,0
899,2
900,2
901,0
902,0
903,1
904,0
905,2
906,0
907,0
908,2
909,0
910,0
911,0
912,0
913,2
914,2
915,2
916,2
917,0
918,2
919,2
920,2
921,2
922,0
923,2
924,2
925,2
926,0
927,0
928,0
929,0
930,0
931,0
932,2
933,0
934,0
935,2
936,2
937,0
938,2
939,0
940,0
941,2
942,0
943,0
944,0
945,0
946,0
947,0
948,2
949,0
950,0
951,2
952,1
953,2
954,0
955,2
956,0
957,0
958,0
959,2
960,2
961,0
962,2
963,2
964,2
965,1
966,0
967,2
968,2
969,2
970,2
971,2
972,0
973,2
974,0
975,2
976,2
977,0
978,2
979,2
980,0
981,2
982,0
983,2
984,0
985,2
986,2
987,0
988,2
989,0
990,0
991,0
992,2
993,2
994,2
995,2
996,1
997,0
998,0
999,2
1000,0
1001,1
1002,0
1003,2
1004,2
1005,0
1006,0
1007,2
1008,2
1009,1
1010,0
1011,0
1012,2
1013,0
1014,0
1015,0
1016,0
1017,0
1018,2
1019,0
1020,0
1021,2
1022,2
1023,0
1024,2
1025,2
1026,0
1027,0
1028,0
1029,2
1030,2
1031,2
1032,2
1033,2
1034,2
1035,0
1036,0
1037,2
1038,2
1039,0
1040,0
1041,2
1042,1
1043,2
1044,2
1045,0
1046,0
1047,0
1048,2
1049,0
1050,2
1051,0
1052,0
1053,0
1054,0
1055,2
1056,2
1057,0
1058,2
1059,2
1060,2
1061,2
1062,0
1063,2
1064,0
1065,0
1066,2
1067,2
1068,0
1069,0
1070,1
1071,2
1072,2
1073,2
1074,2
1075,0
1076,0
1077,2
1078,2
1079,2
1080,2
1081,0
1082,2
1083,2
1084,0
1085,0
1086,2
1087,2
1088,2
1089,2
1090,0
1091,2
1092,0
1093,0
1094,0
1095,2
1096,0
1097,0
1098,1
1099,2
1100,2
1101,0
1102,0
1103,0
1104,0
1105,0
1106,0
1107,0
1108,2
1109,0
1110,0
1111,0
1112,0
1113,0
1114,0
1115,0
1116,2
1117,2
1118,2
1119,0
1120,2
1121,0
1122,0
1123,0
1124,0
1125,0
1126,0
1127,0
1128,2
1129,1
1130,0
1131,0
1132,2
1133,2
1134,2
1135,0
1136,0
1137,0
1138,2
1139,0
1140,0
1141,0
1142,2
1143,0
1144,2
1145,0
1146,0
1147,2
1148,2
1149,0
1150,2
1151,0
1152,2
1153,0
1154,0
1155,2
1156,2
1157,0
1158,0
1159,0
1160,0
1161,2
1162,2
1163,2
1164,2
1165,2
1166,2
1167,1
1168,2
1169,0
1170,0
1171,0
1172,0
1173,2
1174,0
1175,0
1176,0
1177,0
1178,2
1179,2
1180,2
1181,2
1182,0
1183,2
1184,0
1185,0
1186,2
1187,0
1188,2
1189,2
1190,2
1191,0
1192,2
1193,2
1194,2
1195,2
1196,0
1197,0
1198,0
1199,0
1200,2
1201,2
1202,0
1203,2
1204,0
1205,0
1206,0
1207,0
1208,0
1209,2
1210,2
1211,2
1212,2
1213,0
1214,0
1215,0
1216,1
1217,0
1218,2
1219,0
1220,2
1221,0
1222,2
1223,0
1224,2
1225,0
1226,0
1227,2
1228,2
1229,2
1230,0
1231,2
1232,0
1233,0
1234,0
1235,0
1236,0
1237,2
1238,2
1239,0
1240,0
1241,0
1242,2
1243,2
1244,0
1245,0
1246,0
1247,2
1248,0
1249,2
1250,2
1251,0
1252,0
1253,2
1254,2
1255,0
1256,0
1257,2
1258,0
1259,0
1260,0
1261,0
1262,0
1263,2
1264,0
1265,1
1266,2
1267,0
1268,2
1269,0
1270,0
1271,0
1272,0
1273,0
1274,0
1275,0
1276,2
1277,2
1278,2
1279,0
1280,0
1281,2
1282,0
1283,2
1284,0
1285,2
1286,2
1287,0
1288,0
1289,2
1290,1
1291,2
1292,0
1293,2
1294,0
1295,0
1296,0
1297,0
1298,2
1299,0
1300,0
1301,2
1302,2
1303,2
1304,0
1305,2
1306,2
1307,0
1308,0
1309,0
1310,0
1311,0
1312,1
1313,0
1314,0
1315,0
1316,0
1317,2
1318,1
1319,2
1320,2
1321,2
1322,0
1323,2
1324,0
1325,0
1326,2
1327,0
1328,2
1329,0
1330,0
1331,0
1332,0
1333,0
1334,2
1335,0
1336,0
1337,2
1338,1
1339,2
1340,2
1341,0
1342,2
1343,0
1344,2
1345,0
1346,0
1347,0
1348,0
1349,2
1350,2
1351,0
1352,0
1353,2
1354,2
1355,0
1356,2
1357,2
1358,0
1359,0
1360,0
1361,0
1362,2
1363,2
1364,0
1365,0
1366,0
1367,2
1368,2
1369,2
1370,0
1371,2
1372,2
1373,2
1374,0
1375,0
1376,0
1377,0
1378,0
1379,2
1380,0
1381,1
1382,0
1383,2
1384,1
1385,0
1386,2
1387,2
1388,2
1389,2
1390,2
1391,0
1392,2
1393,2
1394,0
1395,0
1396,0
1397,2
1398,2
1399,0
1400,0
1401,2
1402,0
1403,0
1404,0
1405,0
1406,2
1407,0
1408,0
1409,2
1410,2
1411,2
1412,2
1413,2
1414,0
1415,0
1416,2
1417,2
1418,0
1419,2
1420,2
1421,0
1422,2
1423,2
1424,0
1425,2
1426,2
1427,0
1428,0
1429,2
1430,0
1431,0
1432,2
1433,0
1434,2
1435,0
1436,2
1437,2
1438,0
1439,0
1440,0
1441,2
1442,2
1443,0
1444,0
1445,2
1446,2
1447,2
1448,0
1449,0
1450,2
1451,0
1452,0
1453,0
1454,2
1455,2
1456,2
1457,0
1458,1
1459,0
1460,2
1461,2
1462,2
1463,1
1464,2
1465,0
1466,2
1467,0
1468,2
1469,0
1470,0
1471,0
1472,0
1473,2
1474,2
1475,2
1476,0
1477,0
1478,2
1479,0
1480,2
1481,0
1482,2
1483,0
1484,0
1485,2
1486,0
1487,1
1488,2
1489,2
1490,0
1491,2
1492,2
1493,0
1494,0
1495,2
1496,2
1497,0
1498,0
1499,0
1500,2
1501,0
1502,0
1503,0
1504,0
1505,0
1506,2
1507,1
1508,2
1509,0
1510,2
1511,2
1512,1
1513,0
1514,0
1515,0
1516,0
1517,1
1518,2
1519,2
1520,2
1521,2
1522,2
1523,0
1524,2
1525,0
1526,0
1527,0
1528,0
1529,2
1530,0
1531,0
1532,0
1533,0
1534,2
1535,0
1536,2
1537,0
1538,2
1539,2
1540,0
1541,2
1542,0
1543,2
1544,2
1545,0
1546,0
1547,0
1548,2
1549,0
1550,2
1551,0
1552,2
1553,0
1554,0
1555,0
1556,0
1557,0
1558,2
1559,2
1560,2
1561,1
1562,2
1563,0
1564,2
1565,2
1566,0
1567,2
1568,0
1569,2
1570,0
1571,0
1572,2
1573,2
1574,2
1575,2
1576,0
1577,0
1578,2
1579,2
1580,0
1581,0
1582,2
1583,2
1584,0
1585,2
1586,2
1587,0
1588,1
1589,0
1590,2
1591,0
1592,0
1593,0
1594,0
1595,0
1596,2
1597,2
1598,0
1599,0
1600,2
1601,0
1602,0
1603,2
1604,1
1605,0
1606,0
1607,0
1608,0
1609,2
1610,2
1611,0
1612,2
1613,2
1614,0
1615,0
1616,0
1617,0
1618,0
1619,0
1620,0
1621,0
1622,0
1623,2
1624,2
1625,2
1626,0
1627,0
1628,0
1629,2
1630,0
1631,0
1632,0
1633,2
1634,0
1635,1
1636,0
1637,2
1638,0
1639,0
1640,0
1641,0
1642,2
1643,0
1644,0
1645,2
1646,2
1647,0
1648,2
1649,0
1650,2
1651,2
1652,2
1653,2
1654,1
1655,0
1656,0
1657,0
1658,0
1659,2
1660,0
1661,0
1662,0
1663,2
1664,0
1665,2
1666,0
1667,2
1668,2
1669,0
1670,0
1671,0
1672,2
1673,0
1674,0
1675,0
1676,0
1677,0
1678,0
1679,0
1680,2
1681,0
1682,2
1683,0
1684,2
1685,0
1686,0
1687,0
1688,2
1689,0
1690,2
1691,0
1692,2
1693,0
1694,2
1695,0
1696,2
1697,0
1698,0
1699,2
1700,0
1701,0
1702,2
1703,2
1704,2
1705,2
1706,2
1707,2
1708,0
1709,2
1710,2
1711,0
1712,2
1713,0
1714,2
1715,0
1716,0
1717,0
1718,2
1719,0
1720,0
1721,0
1722,0
1723,2
1724,0
1725,2
1726,0
1727,0
1728,0
1729,0
1730,2
1731,0
1732,0
1733,0
1734,0
1735,2
1736,0
1737,0
1738,0
1739,1
1740,2
1741,2
1742,2
1743,0
1744,0
1745,0
1746,0
1747,0
1748,2
1749,2
1750,2
1751,0
1752,2
1753,2
1754,2
1755,2
1756,0
1757,2
1758,2
1759,0
1760,0
1761,2
1762,2
1763,0
1764,2
1765,2
1766,0
1767,0
1768,2
1769,2
1770,2
1771,0
1772,0
1773,0
1774,1
1775,2
1776,2
1777,0
1778,2
1779,2
1780,0
1781,2
1782,0
1783,2
1784,2
1785,0
1786,2
1787,2
1788,0
1789,0
1790,2
1791,0
1792,2
1793,2
1794,0
1795,0
1796,0
1797,2
1798,0
1799,2
1800,2
1801,0
1802,0
1803,2
1804,0
1805,0
1806,2
1807,2
1808,0
1809,0
1810,0
1811,2
1812,2
1813,0
1814,2
1815,0
1816,2
1817,0
1818,2
1819,0
1820,0
1821,0
1822,0
1823,0
1824,2
1825,0
1826,2
1827,2
1828,0
1829,2
1830,2
1831,2
1832,0
1833,2
1834,0
1835,0
1836,2
1837,2
1838,2
1839,2
1840,0
1841,0
1842,2
1843,2
1844,2
1845,0
1846,2
1847,0
1848,2
1849,0
1850,2
1851,0
1852,0
1853,0
1854,2
1855,0
1856,0
1857,0
1858,0
1859,2
1860,0
1861,0
1862,2
1863,0
1864,0
1865,0
1866,0
1867,2
1868,2
1869,0
1870,1
1871,0
1872,0
1873,2
1874,0
1875,2
1876,2
1877,2
1878,0
1879,0
1880,0
1881,0
1882,0
1883,0
1884,0
1885,2
1886,0
1887,2
1888,0
1889,2
1890,0
1891,2
1892,0
1893,2
1894,0
1895,0
1896,0
1897,2
1898,0
1899,0
1900,2
1901,2
1902,0
1903,0
1904,2
1905,0
1906,2
1907,0
1908,0
1909,0
1910,2
1911,0
1912,0
1913,2
1914,0
1915,2
1916,0
1917,2
1918,0
1919,0
1920,0
1921,0
1922,2
1923,0
1924,2
1925,2
1926,0
1927,2
1928,0
1929,2
1930,0
1931,2
1932,2
1933,0
1934,2
1935,2
1936,0
1937,0
1938,2
1939,2
1940,0
1941,0
1942,2
1943,2
1944,0
1945,2
1946,2
1947,0
1948,2
1949,0
1950,2
1951,0
1952,0
1953,2
1954,0
1955,0
1956,2
1957,2
1958,2
1959,2
1960,2
1961,2
1962,2
1963,0
1964,0
1965,2
1966,0
1967,0
1968,2
1969,0
1970,0
1971,2
1972,2
1973,0
1974,2
1975,0
1976,0
1977,2
1978,0
1979,1
1980,0
1981,0
1982,2
1983,1
1984,2
1985,0
1986,1
1987,0
1988,2
1989,0
1990,0
1991,0
1992,2
1993,0
1994,0
1995,0
1996,2
1997,0
1998,0
1999,2
2000,0
2001,2
2002,0
2003,0
2004,0
2005,0
2006,2
2007,0
2008,0
2009,2
2010,2
2011,2
2012,0
2013,2
2014,1
2015,0
2016,0
2017,0
2018,2
2019,1
2020,2
2021,0
2022,0
2023,2
2024,0
2025,2
2026,2
2027,0
2028,0
2029,2
2030,1
2031,0
2032,2
2033,2
2034,2
2035,0
2036,0
2037,0
2038,2
2039,2
2040,2
2041,2
2042,0
2043,2
2044,2
2045,2
2046,0
2047,2
2048,0
2049,0
2050,0
2051,2
2052,0
2053,2
2054,0
2055,0
2056,0
2057,0
2058,2
2059,0
2060,2
2061,0
2062,0
2063,0
2064,0
2065,0
2066,2
2067,2
2068,0
2069,0
2070,0
2071,2
2072,0
2073,1
2074,2
2075,2
2076,2
2077,0
2078,0
2079,2
2080,2
2081,2
2082,2
2083,0
2084,2
2085,2
2086,2
2087,0
2088,0
2089,0
2090,2
2091,2
2092,2
2093,0
2094,0
2095,2
2096,2
2097,2
2098,0
2099,2
2100,2
2101,0
2102,0
2103,2
2104,0
2105,2
2106,2
2107,2
2108,2
2109,0
2110,0
2111,0
2112,0
2113,0
2114,2
2115,0
2116,2
2117,2
2118,0
2119,0
2120,2
2121,0
2122,2
2123,0
2124,2
2125,0
2126,0
2127,2
2128,2
2129,2
2130,0
2131,2
2132,2
2133,0
2134,1
2135,0
2136,2
2137,0
2138,2
2139,2
2140,2
2141,0
2142,2
2143,2
2144,2
2145,0
2146,2
2147,0
2148,0
2149,0
2150,0
2151,2
2152,0
2153,0
2154,2
2155,0
2156,0
2157,0
2158,0
2159,0
2160,0
2161,1
2162,0
2163,0
2164,0
2165,0
2166,0
2167,0
2168,0
2169,2
2170,0
2171,0
2172,0
2173,2
2174,0
2175,0
2176,2
2177,0
2178,0
2179,2
2180,0
2181,2
2182,2
2183,2
2184,0
2185,2
2186,0
2187,0
2188,0
2189,2
2190,2
2191,0
2192,2
2193,0
2194,2
2195,2
2196,2
2197,2
2198,0
2199,2
2200,0
2201,0
2202,2
2203,2
2204,0
2205,1
2206,2
2207,0
2208,0
2209,0
2210,0
2211,0
2212,2
2213,2
2214,2
2215,2
2216,2
2217,0
2218,0
2219,0
2220,0
2221,2
2222,0
2223,0
2224,2
2225,2
2226,2
2227,0
2228,0
2229,2
2230,2
2231,0
2232,2
2233,0
2234,0
2235,2
2236,2
2237,0
2238,1
2239,0
2240,0
2241,0
2242,0
2243,2
2244,2
2245,2
2246,0
2247,0
2248,2
2249,0
2250,0
2251,2
2252,2
2253,2
2254,2
2255,0
2256,2
2257,0
2258,0
2259,2
2260,0
2261,0
2262,2
2263,2
2264,0
2265,0
2266,0
2267,2
2268,2
2269,0
2270,2
2271,1
2272,0
2273,0
2274,0
2275,0
2276,2
2277,1
2278,2
2279,2
2280,2
2281,0
2282,2
2283,2
2284,2
2285,0
2286,2
2287,0
2288,2
2289,0
2290,0
2291,1
2292,2
2293,2
2294,0
2295,2
2296,2
2297,2
2298,0
2299,0
2300,0
2301,2
2302,0
2303,2
2304,2
2305,0
2306,0
2307,2
2308,2
2309,0
2310,2
2311,2
2312,2
2313,2
2314,2
2315,2
2316,0
2317,2
2318,1
2319,0
2320,0
2321,0
2322,0
2323,0
2324,2
2325,0
2326,0
2327,2
2328,2
2329,0
2330,0
2331,1
2332,0
2333,0
2334,0
2335,0
2336,2
2337,2
2338,0
2339,0
2340,0
2341,2
2342,2
2343,0
2344,1
2345,2
2346,2
2347,0
2348,2
2349,0
2350,0
2351,2
2352,2
2353,0
2354,2
2355,0
2356,0
2357,2
2358,2
2359,2
2360,0
2361,2
2362,2
2363,0
2364,0
2365,1
2366,0
2367,2
2368,0
2369,0
2370,2
2371,1
2372,2
2373,2
2374,2
2375,2
2376,0
2377,2
2378,1
2379,2
2380,0
2381,2
2382,0
2383,2
2384,2
2385,2
2386,2
2387,2
2388,0
2389,2
2390,0
2391,2
2392,0
2393,2
2394,2
2395,2
2396,2
2397,0
2398,0
2399,2
2400,1
2401,0
2402,2
2403,0
2404,0
2405,0
2406,2
2407,0
2408,0
2409,1
2410,2
2411,0
2412,2
2413,2
2414,0
2415,0
2416,2
2417,2
2418,0
2419,2
2420,2
2421,0
2422,0
2423,2
2424,2
2425,2
2426,2
2427,0
2428,2
2429,0
2430,0
2431,0
2432,2
2433,0
2434,0
2435,0
2436,2
2437,0
2438,0
2439,0
2440,0
2441,2
2442,2
2443,2
2444,2
2445,0
2446,0
2447,2
2448,0
2449,0
2450,2
2451,0
2452,2
2453,0
2454,2
2455,0
2456,0
2457,2
2458,2
2459,0
2460,2
2461,0
2462,0
2463,2
2464,1
2465,0
2466,2
2467,0
2468,2
2469,2
2470,2
2471,2
2472,2
2473,0
2474,2
2475,2
2476,0
2477,2
2478,2
2479,0
2480,2
2481,2
2482,1
2483,0
2484,2
2485,0
2486,2
2487,0
2488,0
2489,2
2490,0
2491,0
2492,2
2493,2
2494,0
2495,2
2496,0
2497,2
2498,2
2499,0
2500,2
2501,2
2502,2
2503,0
2504,0
2505,0
2506,2
2507,2
2508,2
2509,2
2510,0
2511,0
2512,1
2513,0
2514,0
2515,2
2516,2
2517,0
2518,0
2519,0
2520,0
2521,0
2522,0
2523,0
2524,2
2525,0
2526,0
2527,2
2528,0
2529,0
2530,0
2531,2
2532,0
2533,0
2534,2
2535,2
2536,2
2537,2
2538,2
2539,0
2540,2
2541,0
2542,2
2543,0
2544,2
2545,2
2546,1
2547,2
2548,2
2549,0
2550,0
2551,0
2552,0
2553,0
2554,2
2555,0
2556,2
2557,2
2558,0
2559,2
2560,0
2561,0
2562,2
2563,2
2564,0
2565,1
2566,2
2567,0
2568,2
2569,2
2570,0
2571,0
2572,2
2573,2
2574,0
2575,0
2576,2
2577,2
2578,0
2579,2
2580,2
2581,0
2582,0
2583,0
2584,0
2585,0
2586,2
2587,2
2588,0
2589,0
2590,2
2591,2
2592,0
2593,2
2594,2
2595,0
2596,1
2597,2
2598,2
2599,0
2600,2
2601,0
2602,2
2603,2
2604,2
2605,2
2606,1
2607,2
2608,0
2609,0
2610,2
2611,2
2612,0
2613,2
2614,0
2615,2
2616,2
2617,2
2618,2
2619,0
2620,2
2621,2
2622,0
2623,0
2624,0
2625,2
2626,2
2627,2
2628,2
2629,0
2630,0
2631,0
2632,2
2633,2
2634,0
2635,0
2636,2
2637,0
2638,0
2639,0
2640,2
2641,2
2642,0
2643,0
2644,2
2645,0
2646,2
2647,2
2648,2
2649,0
2650,0
2651,0
2652,2
2653,2
2654,2
2655,2
2656,2
2657,2
2658,2
2659,2
2660,0
2661,2
2662,0
2663,0
2664,1
2665,0
2666,0
2667,0
2668,0
2669,0
2670,2
2671,0
2672,2
2673,0
2674,0
2675,0
2676,0
2677,2
2678,0
2679,0
2680,0
2681,0
2682,0
2683,0
2684,0
2685,0
2686,0
2687,2
2688,0
2689,0
2690,0
2691,0
2692,0
2693,2
2694,2
2695,1
2696,2
2697,2
2698,0
2699,0
2700,2
2701,2
2702,0
2703,2
2704,2
2705,0
2706,2
2707,2
2708,2
2709,0
2710,0
2711,2
2712,2
2713,2
2714,0
2715,0
2716,2
2717,2
2718,0
2719,0
2720,0
2721,0
2722,0
2723,1
2724,0
2725,0
2726,2
2727,2
2728,2
2729,0
2730,2
2731,0
2732,0
2733,2
2734,0
2735,0
2736,0
2737,0
2738,0
2739,2
2740,0
2741,2
2742,0
2743,0
2744,0
2745,2
2746,0
2747,2
2748,2
2749,2
2750,0
2751,0
2752,0
2753,0
2754,0
2755,0
2756,2
2757,0
2758,0
2759,0
2760,0
2761,2
2762,0
2763,0
2764,2
2765,0
2766,0
2767,0
2768,2
2769,2
2770,2
2771,2
2772,2
2773,2
2774,2
2775,2
2776,2
2777,0
2778,2
2779,2
2780,0
2781,2
2782,0
2783,2
2784,2
2785,0
2786,0
2787,0
2788,0
2789,0
2790,1
2791,2
2792,2
2793,0
2794,2
2795,0
2796,2
2797,0
2798,2
2799,2
2800,2
2801,0
2802,0
2803,2
2804,2
2805,2
2806,0
2807,0
2808,0
2809,0
2810,2
2811,0
2812,2
2813,0
2814,0
2815,2
2816,2
2817,2
2818,2
2819,0
2820,0
2821,0
2822,0
2823,0
2824,2
2825,2
2826,2
2827,2
2828,0
2829,2
2830,0
2831,0
2832,2
2833,0
2834,0
2835,0
2836,0
2837,0
2838,0
2839,0
2840,2
2841,0
2842,2
2843,2
2844,2
2845,0
2846,0
2847,2
2848,0
2849,2
2850,0
2851,0
2852,2
2853,2
2854,0
2855,0
2856,0
2857,2
2858,0
2859,2
2860,2
2861,0
2862,2
2863,2
2864,0
2865,0
2866,2
2867,0
2868,0
2869,0
2870,0
2871,2
2872,0
2873,2
2874,0
2875,0
2876,2
2877,0
2878,2
2879,0
2880,2
2881,2
2882,0
2883,0
2884,0
2885,2
2886,2
2887,0
2888,2
2889,0
2890,0
2891,0
2892,0
2893,0
2894,2
2895,0
2896,2
2897,0
2898,1
2899,0
2900,0
2901,2
2902,2
2903,2
2904,0
2905,2
2906,0
2907,0
2908,2
2909,0
2910,2
2911,0
2912,1
2913,0
2914,0
2915,0
2916,2
2917,2
2918,2
2919,0
2920,2
2921,0
2922,2
2923,0
2924,0
2925,0
2926,1
2927,0
2928,2
2929,0
2930,2
2931,0
2932,2
2933,2
2934,2
2935,2
2936,0
2937,2
2938,0
2939,2
2940,0
2941,2
2942,0
2943,2
2944,0
2945,2
2946,2
2947,0
2948,2
2949,0
2950,2
2951,0
2952,0
2953,2
2954,0
2955,0
2956,0
2957,2
2958,0
2959,2
2960,2
2961,0
2962,2
2963,0
2964,0
2965,0
2966,2
2967,0
2968,2
2969,0
2970,2
2971,2
2972,0
2973,0
2974,0
2975,0
2976,2
2977,2
2978,2
2979,0
2980,0
2981,0
2982,2
2983,2
2984,2
2985,0
2986,0
2987,2
2988,0
2989,0
2990,0
2991,2
2992,2
2993,0
2994,0
2995,2
2996,2
2997,2
2998,0
2999,2
3000,2
3001,2
3002,2
3003,2
3004,0
3005,0
3006,2
3007,0
3008,0
3009,2
3010,2
3011,2
3012,0
3013,0
3014,2
3015,0
3016,2
3017,1
3018,2
3019,0
3020,2
3021,0
3022,0
3023,0
3024,0
3025,2
3026,2
3027,0
3028,2
3029,0
3030,0
3031,2
3032,0
3033,2
3034,2
3035,2
3036,0
3037,2
3038,2
3039,2
3040,2
3041,2
3042,0
3043,2
3044,0
3045,0
3046,2
3047,1
3048,0
3049,0
3050,0
3051,0
3052,0
3053,2
3054,2
3055,0
3056,0
3057,0
3058,2
3059,2
3060,2
3061,2
3062,0
3063,2
3064,2
3065,0
3066,2
3067,0
3068,2
3069,2
3070,0
3071,0
3072,1
3073,0
3074,0
3075,2
3076,2
3077,0
3078,0
3079,2
3080,0
3081,2
3082,0
3083,0
3084,0
3085,0
3086,0
3087,0
3088,0
3089,2
3090,0
3091,0
3092,2
3093,2
3094,0
3095,2
3096,2
3097,0
3098,0
3099,0
3100,2
3101,2
3102,2
3103,2
3104,2
3105,2
3106,0
3107,2
3108,0
3109,0
3110,2
3111,0
3112,2
3113,0
3114,2
3115,0
3116,0
3117,0
3118,2
3119,0
3120,0
3121,2
3122,2
3123,2
3124,2
3125,0
3126,1
3127,0
3128,0
3129,0
3130,2
3131,0
3132,0
3133,2
3134,0
3135,2
3136,0
3137,0
3138,0
3139,0
3140,0
3141,0
3142,2
3143,0
3144,0
3145,2
3146,0
3147,0
3148,0
3149,2
3150,0
3151,1
3152,0
3153,2
3154,2
3155,2
3156,2
3157,2
3158,2
3159,1
3160,2
3161,2
3162,2
3163,0
3164,2
3165,0
3166,2
3167,0
3168,0
3169,2
3170,2
3171,0
3172,0
3173,2
3174,0
3175,2
3176,0
3177,0
3178,0
3179,2
3180,0
3181,0
3182,2
3183,0
3184,2
3185,2
3186,2
3187,2
3188,2
3189,1
3190,2
3191,2
3192,2
3193,2
3194,2
3195,2
3196,2
3197,0
3198,0
3199,2
3200,2
3201,2
3202,2
3203,2
3204,0
3205,2
3206,2
3207,2
3208,2
3209,2
3210,0
3211,0
3212,2
3213,2
3214,0
3215,2
3216,0
3217,1
3218,0
3219,2
3220,0
3221,2
3222,0
3223,0
3224,0
3225,2
3226,2
3227,2
3228,2
3229,2
3230,0
3231,2
3232,2
3233,0
3234,2
3235,1
3236,1
3237,2
3238,0
3239,0
3240,2
3241,0
3242,1
3243,0
3244,0
3245,2
3246,2
3247,0
3248,2
3249,0
3250,0
3251,2
3252,2
3253,0
3254,0
3255,0
3256,2
3257,0
3258,0
3259,2
3260,2
3261,0
3262,2
3263,0
3264,0
3265,2
3266,2
3267,0
3268,2
3269,2
3270,0
3271,0
3272,0
3273,2
3274,0
3275,2
3276,0
3277,0
3278,0
3279,2
3280,2
3281,2
3282,2
3283,0
3284,2
3285,2
3286,2
3287,0
3288,2
3289,0
3290,2
3291,0
3292,2
3293,0
3294,2
3295,0
3296,0
3297,0
3298,0
3299,0
3300,0
3301,0
3302,2
3303,0
3304,0
3305,2
3306,1
3307,0
3308,0
3309,0
3310,0
3311,2
3312,2
3313,0
3314,0
3315,2
3316,1
3317,0
3318,2
3319,0
3320,0
3321,2
3322,0
3323,2
3324,1
3325,0
3326,0
3327,0
3328,0
3329,0
3330,2
3331,2
3332,2
3333,2
3334,0
3335,0
3336,2
3337,1
3338,0
3339,2
3340,2
3341,2
3342,2
3343,2
3344,2
3345,2
3346,0
3347,2
3348,2
3349,2
3350,0
3351,0
3352,2
3353,2
3354,0
3355,2
3356,0
3357,2
3358,0
3359,0
3360,2
3361,0
3362,0
3363,0
3364,2
3365,0
3366,2
3367,2
3368,2
3369,0
3370,2
3371,2
3372,2
3373,0
3374,1
3375,0
3376,0
3377,2
3378,2
3379,0
3380,2
3381,0
3382,0
3383,0
3384,1
3385,2
3386,2
3387,0
3388,0
3389,2
3390,2
3391,2
3392,0
3393,2
3394,0
3395,0
3396,0
3397,2
3398,0
3399,0
3400,2
3401,0
3402,0
3403,0
3404,2
3405,2
3406,0
3407,2
3408,0
3409,2
3410,0
3411,2
3412,2
3413,2
3414,0
3415,0
3416,0
3417,0
3418,0
3419,2
3420,2
3421,0
3422,2
3423,0
3424,2
3425,2
3426,0
3427,0
3428,2
3429,2
3430,2
3431,2
3432,2
3433,2
3434,2
3435,2
3436,0
3437,0
3438,2
3439,2
3440,0
3441,2
3442,0
3443,0
3444,2
3445,2
3446,2
3447,0
3448,2
3449,0
3450,0
3451,0
3452,0
3453,0
3454,2
3455,2
3456,2
3457,2
3458,2
3459,2
3460,2
3461,2
3462,2
3463,2
3464,0
3465,2
3466,0
3467,2
3468,0
3469,2
3470,0
3471,2
3472,2
3473,0
3474,0
3475,0
3476,0
3477,0
3478,0
3479,0
3480,0
3481,0
3482,2
3483,2
3484,2
3485,2
3486,1
3487,2
3488,0
3489,0
3490,2
3491,0
3492,0
3493,0
3494,0
3495,2
3496,2
3497,0
3498,2
3499,0
3500,0
3501,0
3502,2
3503,0
3504,0
3505,2
3506,2
3507,0
3508,0
3509,0
3510,0
3511,0
3512,2
3513,0
3514,2
3515,0
3516,2
3517,2
3518,2
3519,2
3520,0
3521,2
3522,0
3523,0
3524,2
3525,0
3526,2
3527,2
3528,0
3529,0
3530,2
3531,0
3532,0
3533,2
3534,2
3535,2
3536,2
3537,2
3538,2
3539,0
3540,0
3541,0
3542,2
3543,2
3544,0
3545,0
3546,1
3547,2
3548,0
3549,0
3550,2
3551,0
3552,0
3553,0
3554,2
3555,0
3556,0
3557,0
3558,2
3559,0
3560,2
3561,2
3562,2
3563,0
3564,2
3565,0
3566,0
3567,2
3568,0
3569,1
3570,2
3571,0
3572,2
3573,2
3574,2
3575,0
3576,0
3577,0
3578,2
3579,0
3580,2
3581,0
3582,0
3583,0
3584,2
3585,2
3586,2
3587,2
3588,0
3589,0
3590,2
3591,2
3592,2
3593,0
3594,0
3595,0
3596,0
3597,2
3598,2
3599,2
3600,0
3601,2
3602,0
3603,0
3604,2
3605,0
3606,2
3607,2
3608,0
3609,0
3610,0
3611,0
3612,0
3613,0
3614,0
3615,0
3616,2
3617,2
3618,2
3619,2
3620,0
3621,0
3622,2
3623,2
3624,0
3625,2
3626,2
3627,0
3628,0
3629,0
3630,2
3631,0
3632,1
3633,0
3634,2
3635,0
3636,0
3637,2
3638,2
3639,0
3640,2
3641,0
3642,2
3643,2
3644,0
3645,2
3646,1
3647,0
3648,0
3649,0
3650,0
3651,2
3652,2
3653,0
3654,0
3655,0
3656,0
3657,2
3658,0
3659,0
3660,2
3661,2
3662,0
3663,2
3664,0
3665,0
3666,0
3667,1
3668,0
3669,2
3670,2
3671,0
3672,2
3673,2
3674,2
3675,2
3676,0
3677,0
3678,0
3679,2
3680,2
3681,2
3682,0
3683,0
3684,2
3685,1
3686,1
3687,0
3688,2
3689,2
3690,2
3691,0
3692,0
3693,2
3694,0
3695,0
3696,0
3697,0
3698,2
3699,2
3700,1
3701,0
3702,0
3703,0
3704,2
3705,2
3706,0
3707,2
3708,2
3709,2
3710,2
3711,0
3712,2
3713,2
3714,0
3715,0
3716,2
3717,0
3718,0
3719,2
3720,0
3721,0
3722,2
3723,0
3724,2
3725,0
3726,0
3727,0
3728,2
3729,2
3730,2
3731,0
3732,2
3733,0
3734,2
3735,0
3736,0
3737,2
3738,0
3739,0
3740,0
3741,0
3742,2
3743,2
3744,2
3745,0
3746,2
3747,0
3748,2
3749,2
3750,0
3751,2
3752,2
3753,2
3754,2
3755,2
3756,2
3757,0
3758,2
3759,2
3760,2
3761,2
3762,2
3763,2
3764,2
3765,2
3766,0
3767,2
3768,2
3769,0
3770,2
3771,0
3772,2
3773,2
3774,2
3775,1
3776,2
3777,2
3778,2
3779,0
3780,2
3781,2
3782,0
3783,2
3784,0
3785,0
3786,2
3787,0
3788,2
3789,2
3790,0
3791,2
3792,2
3793,2
3794,0
3795,2
3796,2
3797,2
3798,2
3799,0
3800,2
3801,2
3802,0
3803,2
3804,0
3805,0
3806,0
3807,0
3808,2
3809,2
3810,2
3811,2
3812,0
3813,2
3814,2
3815,0
3816,2
3817,2
3818,2
3819,2
3820,2
3821,0
3822,0
3823,0
3824,2
3825,2
3826,0
3827,2
3828,0
3829,0
3830,2
3831,2
3832,2
3833,0
3834,2
3835,2
3836,2
3837,2
3838,0
3839,2
3840,0
3841,2
3842,0
3843,2
3844,0
3845,2
3846,2
3847,2
3848,0
3849,0
3850,2
3851,0
3852,2
3853,2
3854,0
3855,2
3856,0
3857,2
3858,2
3859,2
3860,2
3861,0
3862,1
3863,0
3864,2
3865,2
3866,0
3867,0
3868,0
3869,2
3870,0
3871,2
3872,2
3873,2
3874,2
3875,2
3876,2
3877,0
3878,0
3879,0
3880,0
3881,0
3882,0
3883,2
3884,0
3885,0
3886,2
3887,0
3888,0
3889,2
3890,0
3891,0
3892,0
3893,2
3894,0
3895,2
3896,2
3897,2
3898,2
3899,0
3900,2
3901,1
3902,0
3903,2
3904,0
3905,2
3906,2
3907,2
3908,0
3909,0
3910,0
3911,0
3912,0
3913,0
3914,0
3915,2
3916,0
3917,1
3918,2
3919,0
3920,0
3921,0
3922,2
3923,2
3924,1
3925,0
3926,2
3927,2
3928,2
3929,2
3930,2
3931,2
3932,2
3933,2
3934,0
3935,0
3936,0
3937,2
3938,2
3939,1
3940,2
3941,2
3942,0
3943,0
3944,2
3945,2
3946,0
3947,2
3948,0
3949,0
3950,2
3951,0
3952,2
3953,0
3954,2
3955,0
3956,2
3957,0
3958,2
3959,2
3960,0
3961,2
3962,2
3963,0
3964,0
3965,2
3966,0
3967,2
3968,2
3969,2
3970,0
3971,0
3972,0
3973,2
3974,0
3975,2
3976,2
3977,0
3978,0
3979,0
3980,2
3981,0
3982,2
3983,2
3984,0
3985,0
3986,0
3987,0
3988,0
3989,0
3990,0
3991,0
3992,2
3993,2
3994,2
3995,2
3996,0
3997,0
3998,0
3999,0
4000,0
4001,0
4002,0
4003,2
4004,0
4005,0
4006,2
4007,0
4008,2
4009,2
4010,0
4011,0
4012,0
4013,2
4014,0
4015,0
4016,0
4017,0
4018,2
4019,0
4020,2
4021,0
4022,0
4023,0
4024,1
4025,0
4026,2
4027,0
4028,2
4029,2
4030,2
4031,2
4032,0
4033,0
4034,0
4035,0
4036,0
4037,2
4038,2
4039,0
4040,0
4041,2
4042,0
4043,2
4044,2
4045,0
4046,2
4047,0
4048,0
4049,2
4050,2
4051,2
4052,0
4053,0
4054,2
4055,2
4056,0
4057,0
4058,2
4059,2
4060,0
4061,0
4062,0
4063,2
4064,2
4065,2
4066,0
4067,2
4068,0
4069,2
4070,2
4071,0
4072,0
4073,0
4074,1
4075,0
4076,2
4077,0
4078,0
4079,2
4080,0
4081,2
4082,0
4083,0
4084,2
4085,2
4086,0
4087,2
4088,2
4089,2
4090,2
4091,2
4092,0
4093,0
4094,0
4095,2
4096,0
4097,0
4098,0
4099,0
4100,0
4101,0
4102,0
4103,2
4104,2
4105,2
4106,0
4107,0
4108,0
4109,0
4110,2
4111,0
4112,0
4113,0
4114,2
4115,2
4116,0
4117,1
4118,2
4119,0
4120,0
4121,2
4122,0
4123,0
4124,0
4125,2
4126,2
4127,0
4128,0
4129,2
4130,0
4131,0
4132,2
4133,2
4134,0
4135,0
4136,0
4137,2
4138,2
4139,2
4140,2
4141,0
4142,0
4143,0
4144,0
4145,2
4146,2
4147,0
4148,2
4149,1
4150,0
4151,2
4152,0
4153,0
4154,0
4155,2
4156,0
4157,0
4158,2
4159,0
4160,2
4161,0
4162,0
4163,0
4164,2
4165,2
4166,0
4167,0
4168,0
4169,0
4170,0
4171,2
4172,2
4173,1
4174,0
4175,2
4176,0
4177,0
4178,2
4179,0
4180,0
4181,2
4182,1
4183,0
4184,2
4185,2
4186,0
4187,0
4188,2
4189,2
4190,2
4191,0
4192,2
4193,0
4194,2
4195,2
4196,2
4197,0
4198,2
4199,0
4200,2
4201,0
4202,0
4203,2
4204,2
4205,0
4206,0
4207,1
4208,0
4209,0
4210,0
4211,2
4212,0
4213,0
4214,2
4215,2
4216,2
4217,2
4218,2
4219,0
4220,2
4221,2
4222,0
4223,2
4224,0
4225,2
4226,0
4227,0
4228,0
4229,2
4230,0
4231,0
4232,0
4233,2
4234,2
4235,0
4236,2
4237,2
4238,0
4239,2
4240,2
4241,2
4242,0
4243,0
4244,2
4245,0
4246,2
4247,0
4248,2
4249,0
4250,0
4251,2
4252,2
4253,2
4254,2
4255,2
4256,2
4257,2
4258,2
4259,2
4260,2
4261,0
4262,2
4263,0
4264,2
4265,0
4266,2
4267,0
4268,2
4269,0
4270,2
4271,2
4272,2
4273,2
4274,0
4275,2
4276,2
4277,0
4278,2
4279,0
4280,2
4281,2
4282,0
4283,2
4284,2
4285,2
4286,2
4287,2
4288,2
4289,0
4290,0
4291,2
4292,0
4293,2
4294,0
4295,0
4296,2
4297,2
4298,0
4299,0
4300,0
4301,0
4302,0
4303,2
4304,0
4305,1
4306,0
4307,2
4308,2
4309,0
4310,2
4311,0
4312,2
4313,2
4314,0
4315,2
4316,0
4317,2
4318,2
4319,2
4320,0
4321,2
4322,0
4323,0
4324,0
4325,2
4326,2
4327,2
4328,2
4329,2
4330,0
4331,0
4332,2
4333,2
4334,0
4335,2
4336,2
4337,2
4338,0
4339,0
4340,2
4341,0
4342,0
4343,0
4344,0
4345,1
4346,1
4347,0
4348,0
4349,2
4350,1
4351,2
4352,0
4353,0
4354,2
4355,2
4356,0
4357,0
4358,0
4359,0
4360,2
4361,2
4362,0
4363,0
4364,2
4365,0
4366,0
4367,0
4368,0
4369,2
4370,0
4371,2
4372,2
4373,0
4374,2
4375,0
4376,2
4377,2
4378,0
4379,2
4380,2
4381,2
4382,2
4383,2
4384,0
4385,0
4386,0
4387,0
4388,0
4389,0
4390,2
4391,2
4392,0
4393,2
4394,0
4395,2
4396,1
4397,1
4398,2
4399,0
4400,1
4401,2
4402,2
4403,2
4404,2
4405,0
4406,0
4407,1
4408,2
4409,0
4410,0
4411,0
4412,2
4413,0
4414,0
4415,0
4416,0
4417,2
4418,0
4419,0
4420,0
4421,0
4422,2
4423,0
4424,2
4425,2
4426,2
4427,2
4428,2
4429,2
4430,0
4431,0
4432,2
4433,2
4434,0
4435,0
4436,2
4437,1
4438,0
4439,0
4440,0
4441,2
4442,2
4443,2
4444,2
4445,0
4446,0
4447,0
4448,2
4449,0
4450,2
4451,2
4452,2
4453,2
4454,0
4455,2
4456,2
4457,2
4458,0
4459,0
4460,2
4461,2
4462,1
4463,2
4464,2
4465,2
4466,2
4467,0
4468,0
4469,2
4470,2
4471,2
4472,2
4473,0
4474,0
4475,2
4476,0
4477,2
4478,2
4479,0
4480,0
4481,0
4482,2
4483,0
4484,2
4485,2
4486,2
4487,2
4488,0
4489,2
4490,0
4491,0
4492,2
4493,0
4494,2
4495,0
4496,2
4497,0
4498,0
4499,0
4500,0
4501,0
4502,1
4503,2
4504,2
4505,2
4506,2
4507,2
4508,0
4509,0
4510,0
4511,2
4512,2
4513,0
4514,0
4515,0
4516,2
4517,2
4518,0
4519,2
4520,2
4521,0
4522,0
4523,2
4524,0
4525,2
4526,2
4527,0
4528,2
4529,2
4530,2
4531,2
4532,0
4533,2
4534,2
4535,0
4536,2
4537,1
4538,2
4539,0
4540,2
4541,2
4542,0
4543,0
4544,0
4545,2
4546,2
4547,1
4548,0
4549,1
4550,0
4551,2
4552,2
4553,2
4554,0
4555,0
4556,0
4557,2
4558,2
4559,2
4560,2
4561,0
4562,2
4563,0
4564,2
4565,0
4566,2
4567,2
4568,0
4569,2
4570,2
4571,2
4572,0
4573,2
4574,2
4575,0
4576,2
4577,2
4578,0
4579,2
4580,2
4581,2
4582,0
4583,2
4584,2
4585,0
4586,0
4587,0
4588,0
4589,0
4590,2
4591,0
4592,2
4593,0
4594,0
4595,0
4596,0
4597,0
4598,2
4599,0
4600,2
4601,0
4602,2
4603,2
4604,2
4605,2
4606,0
4607,0
4608,2
4609,0
4610,0
4611,2
4612,2
4613,2
4614,2
4615,2
4616,2
4617,2
4618,2
4619,2
4620,2
4621,0
4622,2
4623,2
4624,2
4625,0
4626,0
4627,2
4628,0
4629,2
4630,0
4631,2
4632,2
4633,0
4634,1
4635,2
4636,2
4637,2
4638,0
4639,2
4640,2
4641,2
4642,0
4643,2
4644,0
4645,2
4646,0
4647,2
4648,2
4649,2
4650,0
4651,0
4652,2
4653,2
4654,0
4655,0
4656,0
4657,0
4658,2
4659,2
4660,0
4661,0
4662,2
4663,0
4664,1
4665,2
4666,0
4667,2
4668,0
4669,2
4670,0
4671,0
4672,0
4673,0
4674,0
4675,0
4676,0
4677,2
4678,2
4679,0
4680,0
4681,2
4682,1
4683,2
4684,1
4685,0
4686,2
4687,2
4688,2
4689,0
4690,2
4691,0
4692,0
4693,0
4694,0
4695,2
4696,2
4697,0
4698,2
4699,0
4700,0
4701,2
4702,2
4703,0
4704,0
4705,0
4706,0
4707,2
4708,0
4709,2
4710,2
4711,2
4712,2
4713,0
4714,2
4715,2
4716,0
4717,0
4718,0
4719,0
4720,2
4721,0
4722,0
4723,0
4724,0
4725,2
4726,0
4727,0
4728,0
4729,0
4730,0
4731,0
4732,2
4733,0
4734,2
4735,2
4736,2
4737,2
4738,0
4739,0
4740,0
4741,2
4742,1
4743,2
4744,0
4745,0
4746,2
4747,0
4748,0
4749,2
4750,2
4751,2
4752,2
4753,0
4754,2
4755,0
4756,2
4757,2
4758,2
4759,0
4760,0
4761,0
4762,2
4763,0
4764,0
4765,2
4766,0
4767,0
4768,2
4769,2
4770,0
4771,2
4772,2
4773,0
4774,2
4775,0
4776,0
4777,2
4778,2
4779,2
4780,0
4781,2
4782,2
4783,2
4784,2
4785,0
4786,2
4787,0
4788,2
4789,0
4790,2
4791,2
4792,2
4793,0
4794,0
4795,2
4796,2
4797,2
4798,0
4799,0
4800,2
4801,2
4802,0
4803,2
4804,2
4805,2
4806,0
4807,2
4808,2
4809,0
4810,0
4811,2
4812,2
4813,0
4814,2
4815,0
4816,2
4817,0
4818,0
4819,0
4820,0
4821,0
4822,0
4823,0
4824,0
4825,2
4826,0
4827,2
4828,2
4829,1
4830,0
4831,2
4832,0
4833,2
4834,2
4835,2
4836,2
4837,0
4838,0
4839,1
4840,0
4841,1
4842,2
4843,2
4844,0
4845,2
4846,2
4847,2
4848,2
4849,0
4850,0
4851,0
4852,2
4853,2
4854,1
4855,2
4856,0
4857,2
4858,0
4859,2
4860,2
4861,0
4862,0
4863,0
4864,2
4865,0
4866,2
4867,2
4868,2
4869,2
4870,2
4871,0
4872,2
4873,0
4874,2
4875,2
4876,2
4877,2
4878,0
4879,2
4880,2
4881,2
4882,2
4883,0
4884,2
4885,2
4886,0
4887,0
4888,0
4889,1
4890,0
4891,2
4892,0
4893,0
4894,0
4895,2
4896,2
4897,2
4898,0
4899,2
4900,1
4901,0
4902,2
4903,0
4904,0
4905,0
4906,2
4907,2
4908,0
4909,0
4910,0
4911,0
4912,2
4913,2
4914,2
4915,0
4916,0
4917,0
4918,2
4919,0
4920,2
4921,1
4922,2
4923,0
4924,0
4925,0
4926,2
4927,0
4928,2
4929,0
4930,0
4931,2
4932,0
4933,0
4934,2
4935,0
4936,2
4937,2
4938,0
4939,1
4940,2
4941,0
4942,0
4943,0
4944,1
4945,0
4946,0
4947,2
4948,0
4949,2
4950,0
4951,2
4952,0
4953,0
4954,0
4955,2
4956,0
4957,0
4958,2
4959,2
4960,2
4961,2
4962,2
4963,2
4964,2
4965,2
4966,2
4967,2
4968,0
4969,2
4970,0
4971,0
4972,2
4973,0
4974,2
4975,0
4976,0
4977,2
4978,0
4979,0
4980,0
4981,2
4982,2
4983,2
4984,0
4985,0
4986,0
4987,0
4988,0
4989,0
4990,2
4991,0
4992,0
4993,2
4994,0
4995,0
4996,2
4997,0
4998,2
4999,0
5000,1
5001,2
5002,0
5003,0
5004,0
5005,0
5006,2
5007,2
5008,0
5009,0
5010,0
5011,0
5012,0
5013,2
5014,2
5015,0
5016,0
5017,0
5018,0
5019,2
5020,2
5021,0
5022,2
5023,2
5024,0
5025,2
5026,2
5027,1
5028,2
5029,0
5030,2
5031,2
5032,2
5033,0
5034,0
5035,2
5036,0
5037,0
5038,0
5039,0
5040,2
5041,2
5042,2
5043,0
5044,2
5045,0
5046,0
5047,0
5048,0
5049,2
5050,2
5051,2
5052,0
5053,0
5054,0
5055,0
5056,2
5057,0
5058,2
5059,0
5060,0
5061,0
5062,2
5063,0
5064,2
5065,0
5066,0
5067,2
5068,0
5069,2
5070,0
5071,2
5072,2
5073,2
5074,2
5075,1
5076,0
5077,2
5078,2
5079,2
5080,2
5081,2
5082,2
5083,0
5084,2
5085,2
5086,0
5087,0
5088,0
5089,2
5090,0
5091,0
5092,2
5093,2
5094,0
5095,2
5096,2
5097,0
5098,0
5099,0
5100,1
5101,2
5102,2
5103,2
5104,0
5105,0
5106,0
5107,2
5108,2
5109,2
5110,2
5111,2
5112,0
5113,2
5114,2
5115,0
5116,0
5117,0
5118,2
5119,0
5120,2
5121,0
5122,2
5123,0
5124,2
5125,2
5126,2
5127,0
5128,2
5129,0
5130,0
5131,2
5132,2
5133,0
5134,2
5135,0
5136,0
5137,0
5138,0
5139,2
5140,0
5141,0
5142,0
5143,0
5144,2
5145,0
5146,2
5147,0
5148,2
5149,1
5150,2
5151,2
5152,0
5153,0
5154,0
5155,2
5156,0
5157,0
5158,0
5159,0
5160,2
5161,0
5162,0
5163,2
5164,2
5165,0
5166,2
5167,0
5168,0
5169,2
5170,2
5171,2
5172,1
5173,0
5174,2
5175,0
5176,0
5177,2
5178,0
5179,2
5180,0
5181,2
5182,2
5183,0
5184,2
5185,0
5186,2
5187,0
5188,2
5189,2
5190,2
5191,2
5192,1
5193,0
5194,0
5195,0
5196,2
5197,2
5198,1
5199,0
5200,2
5201,2
5202,0
5203,2
5204,2
5205,2
5206,0
5207,0
5208,0
5209,0
5210,0
5211,2
5212,2
5213,2
5214,2
5215,2
5216,0
5217,2
5218,0
5219,0
5220,0
5221,0
5222,2
5223,2
5224,0
5225,2
5226,2
5227,2
5228,2
5229,1
5230,2
5231,2
5232,2
5233,2
5234,0
5235,1
5236,2
5237,2
5238,2
5239,0
5240,2
5241,2
5242,2
5243,0
5244,0
5245,2
5246,2
5247,0
5248,0
5249,2
5250,0
5251,0
5252,0
5253,0
5254,2
5255,0
5256,0
5257,0
5258,0
5259,0
5260,0
5261,2
5262,0
5263,2
5264,0
5265,2
5266,2
5267,0
5268,0
5269,2
5270,0
5271,0
5272,2
5273,2
5274,0
5275,2
5276,2
5277,2
5278,2
5279,0
5280,2
5281,1
5282,2
5283,2
5284,0
5285,0
5286,0
5287,0
5288,0
5289,0
5290,0
5291,2
5292,0
5293,0
5294,0
5295,0
5296,0
5297,2
5298,2
5299,2
5300,2
5301,0
5302,2
5303,2
5304,0
5305,2
5306,2
5307,0
5308,0
5309,0
5310,0
5311,0
5312,0
5313,0
5314,2
5315,2
5316,0
5317,2
5318,2
5319,2
5320,0
5321,2
5322,2
5323,0
5324,2
5325,0
5326,2
5327,2
5328,0
5329,0
5330,2
5331,2
5332,0
5333,2
5334,0
5335,2
5336,2
5337,2
5338,2
5339,0
5340,2
5341,0
5342,0
5343,2
5344,2
5345,0
5346,0
5347,0
5348,0
5349,1
5350,0
5351,1
5352,0
5353,0
5354,0
5355,0
5356,2
5357,0
5358,2
5359,0
5360,0
5361,2
5362,2
5363,2
5364,0
5365,2
5366,2
5367,0
5368,0
5369,1
5370,2
5371,0
5372,2
5373,0
5374,2
5375,2
5376,1
5377,0
5378,2
5379,2
5380,0
5381,2
5382,0
5383,0
5384,0
5385,2
5386,0
5387,0
5388,0
5389,0
5390,0
5391,2
5392,2
5393,0
5394,0
5395,0
5396,2
5397,2
5398,0
5399,2
5400,0
5401,0
5402,2
5403,2
5404,0
5405,0
5406,2
5407,2
5408,0
5409,0
5410,2
5411,0
5412,2
5413,2
5414,2
5415,0
5416,0
5417,0
5418,0
5419,2
5420,0
5421,0
5422,2
5423,0
5424,2
5425,2
5426,0
5427,0
5428,0
5429,2
5430,0
5431,2
5432,0
5433,0
5434,0
5435,2
5436,0
5437,0
5438,2
5439,2
5440,2
5441,2
5442,2
5443,0
5444,0
5445,0
5446,0
5447,0
5448,0
5449,0
5450,1
5451,0
5452,0
5453,2
5454,0
5455,2
5456,2
5457,0
5458,0
5459,2
5460,2
5461,2
5462,0
5463,0
5464,0
5465,0
5466,2
5467,0
5468,2
5469,2
5470,0
5471,2
5472,0
5473,0
5474,2
5475,2
5476,2
5477,2
5478,0
5479,2
5480,2
5481,0
5482,2
5483,2
5484,0
5485,2
5486,0
5487,2
5488,0
5489,2
5490,1
5491,0
5492,0
5493,2
5494,2
5495,0
5496,0
5497,2
5498,2
5499,0
5500,0
5501,0
5502,0
5503,0
5504,2
5505,0
5506,0
5507,2
5508,2
5509,2
5510,0
5511,0
5512,2
5513,0
5514,1
5515,2
5516,1
5517,2
5518,2
5519,2
5520,0
5521,2
5522,2
5523,0
5524,0
5525,0
5526,1
5527,2
5528,2
5529,0
5530,0
5531,2
5532,0
5533,0
5534,2
5535,0
5536,2
5537,0
5538,1
5539,0
5540,2
5541,2
5542,2
5543,2
5544,2
5545,2
5546,0
5547,0
5548,0
5549,0
5550,0
5551,0
5552,2
5553,1
5554,0
5555,0
5556,0
5557,2
5558,2
5559,0
5560,0
5561,0
5562,0
5563,2
5564,2
5565,2
5566,0
5567,2
5568,0
5569,0
5570,0
5571,0
5572,2
5573,2
5574,2
5575,0
5576,0
5577,2
5578,2
5579,0
5580,2
5581,0
5582,0
5583,2
5584,2
5585,0
5586,0
5587,1
5588,2
5589,0
5590,2
5591,2
5592,0
5593,2
5594,0
5595,0
5596,0
5597,0
5598,0
5599,2
5600,0
5601,0
5602,2
5603,0
5604,2
5605,0
5606,2
5607,0
5608,2
5609,2
5610,2
5611,0
5612,2
5613,2
5614,0
5615,0
5616,2
5617,2
5618,0
5619,0
5620,2
5621,2
5622,0
5623,2
5624,1
5625,0
5626,2
5627,0
5628,0
5629,2
5630,0
5631,0
5632,0
5633,0
5634,2
5635,0
5636,0
5637,0
5638,0
5639,0
5640,2
5641,0
5642,0
5643,0
5644,0
5645,0
5646,2
5647,0
5648,2
5649,0
5650,0
5651,1
5652,2
5653,0
5654,2
5655,2
5656,0
5657,0
5658,0
5659,2
5660,0
5661,0
5662,2
5663,2
5664,2
5665,2
5666,2
5667,2
5668,0
5669,2
5670,2
5671,0
5672,0
5673,0
5674,0
5675,0
5676,0
5677,2
5678,0
5679,2
5680,0
5681,2
5682,2
5683,2
5684,2
5685,0
5686,2
5687,0
5688,2
5689,2
5690,0
5691,2
5692,2
5693,2
5694,2
5695,0
5696,2
5697,0
5698,2
5699,0
5700,2
5701,0
5702,2
5703,2
5704,0
5705,2
5706,2
5707,0
5708,2
5709,2
5710,2
5711,0
5712,0
5713,2
5714,0
5715,0
5716,1
5717,0
5718,2
5719,2
5720,0
5721,0
5722,2
5723,2
5724,2
5725,0
5726,0
5727,0
5728,0
5729,2
5730,0
5731,2
5732,0
5733,0
5734,2
5735,0
5736,0
5737,1
5738,2
5739,2
5740,0
5741,2
5742,0
5743,2
5744,2
5745,0
5746,0
5747,2
5748,2
5749,2
5750,2
5751,2
5752,2
5753,2
5754,2
5755,2
5756,2
5757,1
5758,2
5759,0
5760,2
5761,2
5762,0
5763,2
5764,0
5765,0
5766,0
5767,0
5768,0
5769,0
5770,0
5771,0
5772,2
5773,2
5774,0
5775,0
5776,2
5777,2
5778,0
5779,2
5780,0
5781,0
5782,2
5783,2
5784,2
5785,2
5786,0
5787,2
5788,2
5789,2
5790,2
5791,0
5792,0
5793,2
5794,0
5795,0
5796,1
5797,2
5798,0
5799,0
5800,0
5801,0
5802,2
5803,2
5804,0
5805,0
5806,2
5807,2
5808,0
5809,0
5810,0
5811,2
5812,0
5813,2
5814,0
5815,2
5816,2
5817,2
5818,2
5819,2
5820,0
5821,1
5822,0
5823,2
5824,2
5825,0
5826,2
5827,0
5828,2
5829,2
5830,0
5831,2
5832,1
5833,2
5834,2
5835,2
5836,0
5837,0
5838,0
5839,0
5840,0
5841,0
5842,2
5843,0
5844,0
5845,2
5846,2
5847,2
5848,0
5849,0
5850,0
5851,2
5852,0
5853,0
5854,0
5855,2
5856,2
5857,0
5858,2
5859,2
5860,0
5861,2
5862,0
5863,2
5864,0
5865,0
5866,0
